time,temp_c,rh_percent,wind_kmh
2026-09-23 06:00:00,31.2,62.5,10
2026-09-23 07:00:00,32.8,58.9,11
2026-09-23 08:00:00,34.5,55.0,12
2026-09-23 09:00:00,36.2,51.1,13
2026-09-23 10:00:00,37.8,47.5,14
2026-09-23 11:00:00,39.1,44.4,10
2026-09-23 12:00:00,40.1,42.0,11
2026-09-23 13:00:00,40.8,40.5,12
2026-09-23 14:00:00,41.0,40.0,13
2026-09-23 15:00:00,40.8,40.5,14
2026-09-23 16:00:00,40.1,42.0,10
2026-09-23 17:00:00,39.1,44.4,11
2026-09-23 18:00:00,37.8,47.5,12
2026-09-23 19:00:00,36.2,51.1,13
2026-09-23 20:00:00,34.5,55.0,14
2026-09-23 21:00:00,32.8,58.9,10
2026-09-23 22:00:00,31.2,62.5,11
2026-09-23 23:00:00,29.9,65.6,12
2026-09-24 00:00:00,28.9,68.0,13
2026-09-24 01:00:00,28.2,69.5,14
2026-09-24 02:00:00,28.0,70.0,10
2026-09-24 03:00:00,28.2,69.5,11
2026-09-24 04:00:00,28.9,68.0,12
2026-09-24 05:00:00,29.9,65.6,13
